id;tipo_ocorrencia;data;numero;reportar_encarregado;de;ate;descricao;matricula_id
1;hack;2020-01-26T04:14:55;synthesize Shoes Pennsylvania;false;2020-01-26;2020-01-25;../fake-data/blob/hipster.txt;1
2;ROI Soft Gorgeous Wooden Sausages;2020-01-25T16:35:38;Namibia incentivize;false;2020-01-26;2020-01-26;../fake-data/blob/hipster.txt;2
3;Outdoors;2020-01-26T01:49:08;Metrics;false;2020-01-26;2020-01-26;../fake-data/blob/hipster.txt;3
4;Yemeni Rial;2020-01-26T06:21:01;lime Beauty Orchestrator;true;2020-01-25;2020-01-26;../fake-data/blob/hipster.txt;4
5;back-end Ukraine;2020-01-25T17:41:25;Practical;true;2020-01-26;2020-01-26;../fake-data/blob/hipster.txt;5
6;Palau auxiliary;2020-01-26T08:58:07;Cotton;true;2020-01-26;2020-01-26;../fake-data/blob/hipster.txt;6
7;Uganda Shilling Macao transmitter;2020-01-26T08:59:06;national moderator;false;2020-01-26;2020-01-26;../fake-data/blob/hipster.txt;7
8;Ball hacking;2020-01-25T18:27:12;Internal;true;2020-01-26;2020-01-26;../fake-data/blob/hipster.txt;8
9;Pakistan;2020-01-26T00:22:32;USB;false;2020-01-25;2020-01-26;../fake-data/blob/hipster.txt;9
10;Wells Operations Fiji Dollar;2020-01-25T17:35:07;Borders leading-edge;true;2020-01-25;2020-01-26;../fake-data/blob/hipster.txt;10
