id;nome;sexo;fotografia;fotografia_content_type;pai;mae;nascimento;nacionalidade;naturalidade;contacto;email;tipo_documento;numero_documento;emissao;validade;local_emissao;nif;provincia;municipio;bairro;rua;quarteirao;numero_porta;faz_educacao_fisica;grupo_sanguinio;autoriza_medicamento;altura;peso;nome_medico;contacto_medico;desmaio_constante;alergia;dificiencia;ano_conclusao;situacao_anterior;meio_transporte;escola_anterior;classe_anterior;curso_anterior;data;numero_processo;transferido;observacao;situacao_atual;encarregado_id
1;bandwidth neural;Future Rand compress;../fake-data/blob/hipster.png;image/png;invoice;Handcrafted hierarchy e-enable;2020-01-26;action-items Naira Delaware;cutting-edge;system;Jay_Cassin80@yahoo.com;deposit;Ergonomic Rubber Soap Outdoors;2020-01-26;2020-01-26;Nepalese Rupee Steel Factors;Intranet Personal Loan Account contingency;US Dollar;synthesize Baby;Chad action-items payment;model;initiative;Cayman Isl;true;SMS bleeding-edge;true;71714;929;Meadows violet;Operations Illinois;false;Buckinghamshire;parsing Money Market Account;56154;aggregate benchmark;Agent;copy Grocery Buckinghamshire;73378;Sleek;2020-01-25T15:57:06;application leading edge Bosnia and Herzegovina;false;../fake-data/blob/hipster.txt;synthesize calculating portals;1
2;Armenia copying;panel hacking;../fake-data/blob/hipster.png;image/png;Garden;salmon functionalities;2020-01-25;Northern Mariana Islands multi-byte Missouri;Home Loan Account Expanded;niches Organic Kenyan Shilling;Quentin.Murphy25@yahoo.com;digital circuit microchip;Borders;2020-01-26;2020-01-25;deposit;Officer;Sports Concrete;Bike Credit Card Account;Avon Denmark infomediaries;Re-engineered transmit Directives;Sleek;harness In;true;innovate copy Grocery;false;50348;95808;Multi-channelled;Costa Rican Colon;false;Functionality;wireless coherent;4183;cross-platform AI copying;Administrator open-source;PCI Beauty internet solution;89702;Malaysian Ringgit Ireland purple;2020-01-26T11:12:44;Security;true;../fake-data/blob/hipster.txt;Human User-centric Cambridgeshire;2
3;Barbados Dollar override deliver;morph driver;../fake-data/blob/hipster.png;image/png;payment facilitate Egyptian Pound;Borders feed hack;2020-01-26;cross-platform tertiary Interactions;fresh-thinking Implementation Industrial;Shoes violet content-based;Jimmie5@gmail.com;Manager Developer e-services;infomediaries invoice;2020-01-25;2020-01-25;capacitor;productize Highway Sports;Senior full-range;Compatible technologies Points;ADP withdrawal;matrices Operations customized;Orchestrat;Metal RAM;false;National global Toys;false;95609;2919;content Usability;Future Investor;true;Personal Loan Account Home Loan Account;driver;14851;B2C;open-source HDD;Small;61982;Avon;2020-01-26T08:53:44;Handmade Tennessee;false;../fake-data/blob/hipster.txt;Branding payment Money Market Account;3
4;innovate Azerbaijanian Manat Australian Dollar;withdrawal Practical Metal Computer;../fake-data/blob/hipster.png;image/png;Colombia Faroe Islands;Ergonomic;2020-01-26;Bedfordshire;next-generation Soap embrace;Producer interactive;Edward16@yahoo.com;innovate generating;Unbranded Bedfordshire;2020-01-25;2020-01-25;Checking Account Implementation;RAM hardware;Metal fuchsia Incredible;Assistant silver;Berkshire holistic;experiences Generic Metal Shirt;Kids progr;Ergonomic ;true;yellow calculate;false;81108;34631;Uganda Shilling Saint Pierre and Miquelon time-frame;Directives;true;Rustic Soft Tuna;database azure;45823;Music Avon Music;turquoise;intangible;46683;neutral;2020-01-26T04:55:39;New Jersey panel;true;../fake-data/blob/hipster.txt;wireless Cotton;4
5;architect;eyeballs Kids;../fake-data/blob/hipster.png;image/png;multi-byte;Serbian Dinar;2020-01-26;French Polynesia experiences;drive Rubber;Analyst British Indian Ocean Territory (Chagos Archipelago);Adam_Hansen@gmail.com;object-oriented;generate;2020-01-26;2020-01-25;SDD knowledge base;Engineer infomediaries;Hat Bhutan Applications;bus Plastic deposit;deposit heuristic Concrete;multimedia;Versatile ;Home Loan ;false;Berkshire encryption Centers;true;75269;69902;Corner optical synthesizing;Square next-generation generate;false;solution granular benchmark;transitional Rubber;78061;Tasty Wooden Chicken Wooden Bermudian Dollar (customarily known as Bermuda Dollar);Wyoming;bypass Maine Principal;63645;mission-critical viral Chips;2020-01-26T12:53:40;bluetooth extensible contextually-based;false;../fake-data/blob/hipster.txt;Canada;5
6;Multi-lateral Berkshire Small Plastic Ball;grid-enabled;../fake-data/blob/hipster.png;image/png;back-end Fantastic Borders;Connecticut;2020-01-26;Handmade Steel Tuna Generic Alabama;Identity;platforms 1080p;Ethyl.Hyatt@yahoo.com;leverage array Human;Orchestrator Manager Cambridgeshire;2020-01-25;2020-01-25;Central African Republic Fork Unbranded;Associate Cambridgeshire;explicit foreground;killer Gambia demand-driven;Secured;Springs;value-adde;Surinam Do;false;Frozen synthesize Small Plastic Chips;true;39870;16464;New Hampshire;matrices Intelligent plum;false;Human;Jordan Triple-buffered Health;44757;EXE Human time-frame;FTP;optimizing;97567;Iowa index;2020-01-25T18:55:58;Fish;true;../fake-data/blob/hipster.txt;Global Ohio;6
7;copying optimize Down-sized;integrate lime;../fake-data/blob/hipster.png;image/png;Ergonomic;migration HTTP Human;2020-01-25;integrate Fresh proactive;frame Gloves Home Loan Account;Upgradable flexibility;Xzavier_Koepp@gmail.com;application hard drive Tennessee;hard drive maximize;2020-01-26;2020-01-26;Borders disintermediate;web services;payment leading-edge Toys;Buckinghamshire FTP;Vision-oriented;Personal Loan Account proactive Credit Card Account;Station kn;Granite Be;false;XML input Garden;false;73189;27682;feed open-source engineer;connecting green wireless;true;24 hour primary;Louisiana customized;14437;Soft Underpass Tuvalu;invoice;Paradigm;6393;interface;2020-01-25T22:41:33;connect;true;../fake-data/blob/hipster.txt;Gorgeous Frozen Shirt Tasty Salad;7
8;Handmade Wooden Gloves Technician;Rustic matrix Chair;../fake-data/blob/hipster.png;image/png;Engineer;Secured;2020-01-25;policy Bacon;parsing;Lilangeni navigate;Noble_King@hotmail.com;Armenian Dram;Moroccan Dirham;2020-01-26;2020-01-26;innovative Mall;reinvent Beauty circuit;Representative;Customer sky blue;Usability bypassing navigating;models Russian Federation paradigms;Generic Fr;deploy;true;Rustic Granite Ball Internal clicks-and-mortar;true;29607;68965;Bedfordshire parse;Towels interactive;false;mint green Baby;Group;3093;lavender quantify Investment Account;Sri Lanka Rupee;transmit multimedia;35733;monetize Faroe Islands;2020-01-26T04:46:50;empowering Freeway;false;../fake-data/blob/hipster.txt;Manor system-worthy;8
9;Guyana Dollar;Avon;../fake-data/blob/hipster.png;image/png;repurpose Berkshire Licensed;engineer Planner;2020-01-26;object-oriented Borders back up;Coordinator Integration;input Personal Loan Account;Lavada_VonRueden@gmail.com;Spurs copy bus;Cross-platform Pizza;2020-01-26;2020-01-26;content-based modular SDD;SAS;Auto Loan Account View Borders;e-enable;Car microchip;Shirt empower;Implementa;Ergonomic;true;hybrid multimedia;false;82739;26222;killer Branding;Small;true;Licensed Cotton Mouse;holistic Supervisor;56618;system;deposit Rustic Frozen Fish;cross-media;42653;Cotton;2020-01-26T07:58:57;leverage;true;../fake-data/blob/hipster.txt;Credit Card Account Netherlands;9
10;Sudan Licensed Soft Chips District;Polarised Solutions;../fake-data/blob/hipster.png;image/png;port Interactions;withdrawal Bike system;2020-01-25;Concrete Concrete synthesizing;Handcrafted Steel Chicken;firewall Licensed;Stacey.Romaguera@hotmail.com;Customer European Unit of Account 9(E.U.A.-9);leading edge Unbranded Frozen Shoes Chips;2020-01-25;2020-01-25;Bermudian Dollar (customarily known as Bermuda Dollar) XML Checking Account;Soap Persevering Kwacha;Legacy Malagasy Ariary;Rustic Steel Fish;Vermont distributed olive;lime;array firm;Automotive;false;Diverse;false;24647;19815;Front-line Team-oriented Implemented;program;true;Somalia Steel;deliverables whiteboard;44693;monitoring models;Operative;extranet brand Versatile;56267;California New Zealand Dollar;2020-01-26T11:45:14;Product;false;../fake-data/blob/hipster.txt;Soft Officer Principal;10
